compound_name,class_label,class_name,MaxAbsEStateIndex,MaxEStateIndex,MinAbsEStateIndex,MinEStateIndex,qed,SPS,MolWt,HeavyAtomMolWt,ExactMolWt,NumValenceElectrons,MaxPartialCharge,MinPartialCharge,MaxAbsPartialCharge,MinAbsPartialCharge,FpDensityMorgan1,FpDensityMorgan2,FpDensityMorgan3,BCUT2D_MWHI,BCUT2D_MWLOW,BCUT2D_CHGHI,BCUT2D_CHGLO,BCUT2D_LOGPHI,BCUT2D_LOGPLOW,BCUT2D_MRHI,BCUT2D_MRLOW,AvgIpc,BalabanJ,BertzCT,Chi0,Chi0n,Chi0v,Chi1,Chi1n,Chi1v,Chi2n,Chi2v,Chi3n,Chi3v,Chi4n,Chi4v,HallKierAlpha,Ipc,Kappa1,Kappa2,Kappa3,LabuteASA,PEOE_VSA1,PEOE_VSA10,PEOE_VSA11,PEOE_VSA12,PEOE_VSA13,PEOE_VSA14,PEOE_VSA2,PEOE_VSA3,PEOE_VSA5,PEOE_VSA6,PEOE_VSA7,PEOE_VSA8,PEOE_VSA9,SMR_VSA1,SMR_VSA10,SMR_VSA3,SMR_VSA4,SMR_VSA5,SMR_VSA6,SMR_VSA7,SMR_VSA9,SlogP_VSA1,SlogP_VSA11,SlogP_VSA12,SlogP_VSA2,SlogP_VSA3,SlogP_VSA4,SlogP_VSA5,SlogP_VSA6,SlogP_VSA7,SlogP_VSA8,TPSA,EState_VSA1,EState_VSA10,EState_VSA2,EState_VSA3,EState_VSA4,EState_VSA5,EState_VSA6,EState_VSA7,EState_VSA8,EState_VSA9,VSA_EState1,VSA_EState10,VSA_EState2,VSA_EState3,VSA_EState4,VSA_EState5,VSA_EState6,VSA_EState7,VSA_EState8,VSA_EState9,FractionCSP3,HeavyAtomCount,NHOHCount,NOCount,NumAliphaticCarbocycles,NumAliphaticHeterocycles,NumAliphaticRings,NumAmideBonds,NumAromaticCarbocycles,NumAromaticRings,NumAtomStereoCenters,NumBridgeheadAtoms,NumHAcceptors,NumHDonors,NumHeteroatoms,NumHeterocycles,NumRotatableBonds,NumSaturatedCarbocycles,NumSaturatedHeterocycles,NumSaturatedRings,Phi,RingCount,MolLogP,MolMR,fr_Al_COO,fr_Al_OH,fr_Al_OH_noTert,fr_Ar_OH,fr_COO,fr_COO2,fr_C_O,fr_C_O_noCOO,fr_C_S,fr_NH0,fr_NH1,fr_NH2,fr_Ndealkylation2,fr_aldehyde,fr_allylic_oxid,fr_amide,fr_aryl_methyl,fr_benzene,fr_bicyclic,fr_ester,fr_ether,fr_halogen,fr_imide,fr_ketone,fr_ketone_Topliss,fr_methoxy,fr_phenol,fr_phenol_noOrthoHbond,fr_piperdine,fr_unbrch_alkane
capsaicin,0,Capsaicinoid,11.768937258545394,11.768937258545394,0.05544537876879185,0.05544537876879185,0.5388605597174689,11.090909090909092,305.41800000000006,278.202,305.199093724,122.0,0.21976034748769738,-0.5042545920952964,0.5042545920952964,0.21976034748769738,1.3636363636363635,2.1363636363636362,2.8181818181818183,16.47403055196575,10.11538859697206,2.044851861457197,-2.0790504821005875,2.25571991550365,-2.2178300141619194,5.753358247468151,-0.12088671588737639,2.4920250055706985,2.229830766701327,495.1056776323011,16.372032720186702,13.76334569749818,13.76334569749818,10.524075805453153,7.818412917679894,7.818412917679894,5.700882111716636,5.700882111716636,3.2794273651055863,3.2794273651055863,2.037167368743356,2.037167368743356,-1.9699999999999998,62666.952815086355,18.079925112331505,9.874350582736595,7.1570315426235425,132.74026872542674,15.160178952647087,0.0,11.49902366656781,5.907179729351506,0.0,0.0,4.794537184071822,0.0,0.0,32.06588168151062,42.87655654355964,12.965578028838586,7.109797541277533,14.637927532712578,5.907179729351506,5.316788604006331,5.917906046161393,46.075517296997866,7.109797541277533,35.91459291074959,11.49902366656781,10.05365155780638,11.49902366656781,0.0,18.123504665469746,11.339293589984397,5.917906046161393,45.09421238278229,30.351141419052592,0.0,0.0,58.56,0.0,9.901064578912528,11.65669156263541,24.63299590828388,24.825916360475023,7.109797541277533,18.19910120538483,0.0,31.31630321705534,4.736862953800049,5.042442725859413,0.0,11.768937258545394,12.40041090213796,0.9054321588471121,1.1677756802183077,5.071972220265489,7.880722193301697,4.757198155496766,1.5051087053278611,0.5,22.0,2.0,4.0,0.0,0.0,0.0,1.0,1.0,1.0,0.0,0.0,3.0,2.0,4.0,0.0,9.0,0.0,0.0,0.0,8.1148872303993,1.0,3.789600000000002,88.95150000000005,0.0,0.0,0.0,1.0,0.0,0.0,1.0,1.0,0.0,0.0,1.0,0.0,0.0,0.0,2.0,1.0,0.0,1.0,0.0,0.0,1.0,0.0,0.0,0.0,0.0,1.0,1.0,1.0,0.0,2.0
dihydrocapsaicin,0,Capsaicinoid,11.786953840178047,11.786953840178047,0.07953834929033365,0.07953834929033365,0.6419992796126904,10.727272727272727,307.434,278.202,307.214743788,124.0,0.21976015476664018,-0.5042545920952964,0.5042545920952964,0.21976015476664018,1.2272727272727273,1.9545454545454546,2.6363636363636362,16.474030832415373,10.038115270961177,2.0484698010190323,-2.083030159325203,2.255995499154567,-2.218028630280679,5.753302694867421,-0.12089628513397553,2.4920250055706985,2.1770480308131184,457.64553245205536,16.372032720186702,14.022858721492023,14.022858721492023,10.524075805453153,8.151746251013227,8.151746251013227,6.129666457038851,6.129666457038851,3.66912802468084,3.66912802468084,2.3127273477618884,2.3127273477618884,-1.71,62666.952815086355,18.339285362247413,10.089321934363285,7.341699771773954,133.429871757611,15.160178952647087,0.0,11.49902366656781,5.907179729351506,0.0,0.0,4.794537184071822,0.0,0.0,45.5971279595469,30.034913297707618,12.965578028838586,7.109797541277533,14.637927532712578,5.907179729351506,5.316788604006331,5.917906046161393,58.91716054284989,7.109797541277533,23.762552697081826,11.49902366656781,10.05365155780638,11.49902366656781,0.0,18.123504665469746,11.339293589984397,5.917906046161393,57.935855628634314,18.19910120538483,0.0,0.0,58.56,0.0,9.901064578912528,11.65669156263541,18.71508986212249,24.323000783710405,26.372262410055562,18.19910120538483,0.0,19.16426300338758,4.736862953800049,5.048873527963292,0.0,11.786953840178047,12.423937084060434,0.9166049983532849,1.3864594620264648,5.097841136702588,6.383917038984158,4.94479460611405,1.5106183056176812,0.6111111111111112,22.0,2.0,4.0,0.0,0.0,0.0,1.0,1.0,1.0,0.0,0.0,3.0,2.0,4.0,0.0,10.0,0.0,0.0,0.0,8.410497912085017,1.0,4.013600000000003,89.04550000000006,0.0,0.0,0.0,1.0,0.0,0.0,1.0,1.0,0.0,0.0,1.0,0.0,0.0,0.0,0.0,1.0,0.0,1.0,0.0,0.0,1.0,0.0,0.0,0.0,0.0,1.0,1.0,1.0,0.0,3.0
nordihydrocapsaicin,0,Capsaicinoid,11.743055949231545,11.743055949231545,0.07554516250944854,0.07554516250944854,0.6835969687824273,10.666666666666666,293.40700000000004,266.1909999999999,293.199093724,118.0,0.2197601547721156,-0.5042545920952964,0.5042545920952964,0.2197601547721156,1.2857142857142858,2.0476190476190474,2.7142857142857144,16.4740296008648,10.044363154302967,2.048761555966923,-2.0835189670186596,2.255900482083327,-2.2181254472450873,5.753300652582713,-0.12089504858797266,2.453218991387536,2.2352332403631707,443.661402843934,15.664925939000156,13.315751940305475,13.315751940305475,10.024075805453151,7.651746251013227,7.651746251013227,5.7761130664455775,5.7761130664455775,3.41912802468084,3.41912802468084,2.135950652465251,2.135950652465251,-1.71,38108.303812213984,17.341840331778126,9.26720270079479,7.022224373343465,127.06492964321438,15.160178952647087,0.0,11.49902366656781,5.907179729351506,0.0,0.0,4.794537184071822,0.0,0.0,39.17630633662089,30.034913297707618,12.965578028838586,7.109797541277533,14.637927532712578,5.907179729351506,5.316788604006331,5.917906046161393,52.49633891992388,7.109797541277533,23.762552697081826,11.49902366656781,10.05365155780638,11.49902366656781,0.0,18.123504665469746,11.339293589984397,5.917906046161393,51.5150340057083,18.19910120538483,0.0,0.0,58.56,0.0,9.901064578912528,11.65669156263541,18.71508986212249,24.323000783710405,19.951440787129552,18.19910120538483,0.0,19.16426300338758,4.736862953800049,5.0407780886041165,0.0,11.743055949231545,12.398898792509247,0.9146368318396639,1.3500515321632058,5.088549332611833,5.053996014992518,4.901527775257102,1.5085056827907728,0.5882352941176471,21.0,2.0,4.0,0.0,0.0,0.0,1.0,1.0,1.0,0.0,0.0,3.0,2.0,4.0,0.0,9.0,0.0,0.0,0.0,7.652873788543156,1.0,3.6235000000000026,84.42850000000006,0.0,0.0,0.0,1.0,0.0,0.0,1.0,1.0,0.0,0.0,1.0,0.0,0.0,0.0,0.0,1.0,0.0,1.0,0.0,0.0,1.0,0.0,0.0,0.0,0.0,1.0,1.0,1.0,0.0,2.0
homocapsaicin,0,Capsaicinoid,11.81022218226899,11.81022218226899,0.06459661333669309,0.06459661333669309,0.5022505295052618,11.130434782608695,319.44500000000005,290.213,319.21474378799996,128.0,0.21976015629425952,-0.5042545920952964,0.5042545920952964,0.21976015629425952,1.3043478260869565,2.0869565217391304,2.782608695652174,16.474031784939115,10.101319251207842,2.045859825592258,-2.0798627752538934,2.255832741139783,-2.2179357310703933,5.753323584311267,-0.12089323985251903,2.524637391382688,2.171373563902639,509.3362310786294,17.079139501373252,14.470452478684727,14.470452478684727,11.024075805453153,8.318412917679893,8.318412917679893,6.05443550230991,6.05443550230991,3.5294273651055863,3.5294273651055863,2.2139440640399926,2.2139440640399926,-1.9699999999999998,102704.77371883912,19.07755111745126,10.705579715417464,8.287550870843369,139.10521083982337,15.160178952647087,0.0,11.49902366656781,5.907179729351506,0.0,0.0,4.794537184071822,0.0,0.0,38.486703304436624,42.87655654355964,12.965578028838586,7.109797541277533,14.637927532712578,5.907179729351506,5.316788604006331,5.917906046161393,52.49633891992388,7.109797541277533,35.91459291074959,11.49902366656781,10.05365155780638,11.49902366656781,0.0,18.123504665469746,11.339293589984397,5.917906046161393,51.5150340057083,30.351141419052592,0.0,0.0,58.56,0.0,9.901064578912528,11.65669156263541,24.63299590828388,31.246737983401033,7.109797541277533,18.19910120538483,0.0,31.31630321705534,4.736862953800049,5.050528633833714,0.0,11.81022218226899,12.426972105057313,0.9090950277489087,1.20311079271376,5.084191326130949,9.21487636983766,4.793295073495485,1.5077084889132217,0.5263157894736842,23.0,2.0,4.0,0.0,0.0,0.0,1.0,1.0,1.0,0.0,0.0,3.0,2.0,4.0,0.0,10.0,0.0,0.0,0.0,8.879836707079392,1.0,4.179700000000003,93.56850000000006,0.0,0.0,0.0,1.0,0.0,0.0,1.0,1.0,0.0,0.0,1.0,0.0,0.0,0.0,2.0,1.0,0.0,1.0,0.0,0.0,1.0,0.0,0.0,0.0,0.0,1.0,1.0,1.0,0.0,3.0
homodihydrocapsaicin,0,Capsaicinoid,11.824207521775163,11.824207521775163,0.08261319496934605,0.08261319496934605,0.5937585420917653,10.782608695652174,321.461,290.213,321.23039385199996,130.0,0.2197601547666301,-0.5042545920952964,0.5042545920952964,0.2197601547666301,1.173913043478261,1.8695652173913044,2.5652173913043477,16.47403206513076,10.033485100351221,2.048382418164136,-2.0826324216900245,2.2560908387549636,-2.217995428765975,5.753305817253547,-0.12089531359246497,2.524637391382688,2.1253493634141103,471.6825713644642,17.079139501373252,14.72996550267857,14.72996550267857,11.024075805453153,8.651746251013227,8.651746251013227,6.483219847632124,6.483219847632124,3.91912802468084,3.91912802468084,2.489504043058525,2.489504043058525,-1.71,102704.77371883912,19.336970408642554,10.923588463289688,8.480931648815773,139.79481387200764,15.160178952647087,0.0,11.49902366656781,5.907179729351506,0.0,0.0,4.794537184071822,0.0,0.0,52.017949582472916,30.034913297707618,12.965578028838586,7.109797541277533,14.637927532712578,5.907179729351506,5.316788604006331,5.917906046161393,65.33798216577591,7.109797541277533,23.762552697081826,11.49902366656781,10.05365155780638,11.49902366656781,0.0,18.123504665469746,11.339293589984397,5.917906046161393,64.35667725156033,18.19910120538483,0.0,0.0,58.56,0.0,9.901064578912528,11.65669156263541,18.71508986212249,24.323000783710405,32.79308403298157,18.19910120538483,0.0,19.16426300338758,4.736862953800049,5.056038234123534,0.0,11.824207521775163,12.445730687193873,0.9182272591538674,1.4136233322956677,5.1058310354891905,7.74578117431233,4.978079024112769,1.5124817315436072,0.631578947368421,23.0,2.0,4.0,0.0,0.0,0.0,1.0,1.0,1.0,0.0,0.0,3.0,2.0,4.0,0.0,11.0,0.0,0.0,0.0,9.183874211774864,1.0,4.403700000000004,93.66250000000007,0.0,0.0,0.0,1.0,0.0,0.0,1.0,1.0,0.0,0.0,1.0,0.0,0.0,0.0,0.0,1.0,0.0,1.0,0.0,0.0,1.0,0.0,0.0,0.0,0.0,1.0,1.0,1.0,0.0,4.0
nonivamide,0,Capsaicinoid,11.734896227009322,11.734896227009322,0.08104940896111557,0.08104940896111557,0.6456037579966217,10.380952380952381,293.40700000000004,266.1909999999999,293.199093724,118.0,0.21976015476663008,-0.5042545920952964,0.5042545920952964,0.21976015476663008,1.1904761904761905,1.9047619047619047,2.619047619047619,16.47402945498315,10.095764820465034,2.0460909362004585,-2.080511036527872,2.2557951019582214,-2.2179752120589447,5.753297326874599,-0.1208951569440178,2.4956137168829846,2.2054207533570502,432.0434389921833,15.501789232183626,13.152615233488945,13.152615233488945,10.168233757796584,7.79590420335666,7.79590420335666,5.300697862919961,5.300697862919961,3.491207000852557,3.491207000852557,2.1869181852972552,2.1869181852972552,-1.71,45407.6915786859,17.341840331778126,10.08009708455063,7.022224373343465,127.06492964321438,15.160178952647087,0.0,11.49902366656781,5.907179729351506,0.0,0.0,4.794537184071822,0.0,0.0,45.09421238278228,24.117007251546223,12.965578028838586,7.109797541277533,14.637927532712578,5.907179729351506,5.316788604006331,0.0,58.41424496608527,7.109797541277533,23.762552697081826,11.49902366656781,10.05365155780638,11.49902366656781,0.0,18.123504665469746,11.339293589984397,0.0,57.43294005186969,18.19910120538483,0.0,0.0,58.56,0.0,9.901064578912528,11.65669156263541,18.71508986212249,18.405094737549014,32.79308403298157,18.19910120538483,0.0,12.240525803696954,4.736862953800049,5.041356521160571,0.0,11.734896227009322,12.400513730150966,0.9175424026997802,0.6202428443346908,5.094540128593888,7.683934204042741,2.6637630437977657,1.5098775648769405,0.5882352941176471,21.0,2.0,4.0,0.0,0.0,0.0,1.0,1.0,1.0,0.0,0.0,3.0,2.0,4.0,0.0,10.0,0.0,0.0,0.0,8.324163531861867,1.0,3.7676000000000025,84.49850000000005,0.0,0.0,0.0,1.0,0.0,0.0,1.0,1.0,0.0,0.0,1.0,0.0,0.0,0.0,0.0,1.0,0.0,1.0,0.0,0.0,1.0,0.0,0.0,0.0,0.0,1.0,1.0,1.0,0.0,5.0
norcapsaicin,0,Capsaicinoid,11.718962978710003,11.718962978710003,0.04165627362055968,0.04165627362055968,0.5698642054258842,11.047619047619047,291.391,266.1909999999999,291.18344366,116.0,0.21977161273882576,-0.5042545920952964,0.5042545920952964,0.21977161273882576,1.4285714285714286,2.1904761904761907,2.857142857142857,16.474029318577163,10.130035490939978,2.0432952211693935,-2.07781819656122,2.2555969187868956,-2.21747737470971,5.75359415236499,-0.12085075721426584,2.453218991387536,2.296352926100135,480.92360648750144,15.664925939000156,13.056238916311631,13.056238916311631,10.024075805453151,7.318412917679894,7.318412917679894,5.347328721123363,5.347328721123363,3.0294273651055867,3.0294273651055867,1.8698918740619153,1.8698918740619153,-1.9699999999999998,38108.303812213984,17.082548607461902,9.055605217780728,6.837769161414126,126.37532661103012,15.160178952647087,0.0,11.49902366656781,5.907179729351506,0.0,0.0,4.794537184071822,0.0,0.0,32.06588168151062,36.455734920633624,12.965578028838586,7.109797541277533,14.637927532712578,5.907179729351506,5.316788604006331,5.917906046161393,39.65469567407185,7.109797541277533,35.91459291074959,11.49902366656781,10.05365155780638,11.49902366656781,0.0,18.123504665469746,11.339293589984397,5.917906046161393,38.673390759856275,30.351141419052592,0.0,0.0,58.56,0.0,9.901064578912528,11.65669156263541,24.63299590828388,18.405094737549014,7.109797541277533,18.19910120538483,0.0,31.31630321705534,4.736862953800049,5.033173634976936,0.0,11.718962978710003,12.368375019883823,0.9006514923334911,1.1188704026866219,5.057071422194529,6.590920086014367,4.709900082513337,1.5020748806868935,0.47058823529411764,21.0,2.0,4.0,0.0,0.0,0.0,1.0,1.0,1.0,0.0,0.0,3.0,2.0,4.0,0.0,8.0,0.0,0.0,0.0,7.366324585844043,1.0,3.3995000000000015,84.33450000000005,0.0,0.0,0.0,1.0,0.0,0.0,1.0,1.0,0.0,0.0,1.0,0.0,0.0,0.0,2.0,1.0,0.0,1.0,0.0,0.0,1.0,0.0,0.0,0.0,0.0,1.0,1.0,1.0,0.0,1.0
dehydrocapsaicin,0,Capsaicinoid,11.682131702989839,11.682131702989839,0.08974510744483855,-0.12511017678676373,0.438372025677993,11.454545454545455,303.40200000000004,278.202,303.18344366,120.0,0.24342286061469573,-0.5042545920952817,0.5042545920952817,0.24342286061469573,1.3181818181818181,2.0454545454545454,2.727272727272727,16.47403006520431,10.15039212421077,2.028701602563936,-2.066312588080282,2.255207413537251,-2.197133933745569,5.868626341276824,-0.11619204250075144,2.4920250055706985,2.3357515176923225,533.1338480198982,16.372032720186702,13.503832673504336,13.503832673504336,10.524075805453153,7.49511628547863,7.49511628547863,5.375893827088205,5.375893827088205,3.00108570318542,3.00108570318542,1.83131130430427,1.83131130430427,-2.23,62666.952815086355,17.820581689428426,9.660222179701211,6.973596429915513,132.05066569324248,15.160178952647087,0.0,11.49902366656781,5.907179729351506,0.0,0.0,4.794537184071822,0.0,0.0,38.1419017883445,42.531755027467504,6.544756405912575,7.109797541277533,14.637927532712578,5.907179729351506,5.316788604006331,5.917906046161393,33.23387405114584,7.109797541277533,48.06663312441735,11.49902366656781,10.05365155780638,11.49902366656781,0.0,18.123504665469746,11.339293589984397,5.917906046161393,32.25256913693026,42.503181632720356,0.0,0.0,58.56,0.0,9.901064578912528,11.65669156263541,18.21217428535787,18.405094737549014,7.109797541277533,24.27512131221871,6.076020106833881,31.31630321705534,4.736862953800049,5.0284573863532405,0.0,11.682131702989839,12.302432507076231,0.8715432699582232,0.9311252330023844,5.005769697589752,9.514689344977182,4.669914992231461,1.4939358658216884,0.3888888888888889,22.0,2.0,4.0,0.0,0.0,0.0,1.0,1.0,1.0,0.0,0.0,3.0,2.0,4.0,0.0,8.0,0.0,0.0,0.0,7.825035385972444,1.0,3.5656000000000025,88.85750000000004,0.0,0.0,0.0,1.0,0.0,0.0,1.0,1.0,0.0,0.0,1.0,0.0,0.0,0.0,3.0,1.0,0.0,1.0,0.0,0.0,1.0,0.0,0.0,0.0,0.0,1.0,1.0,1.0,0.0,1.0
olvanil,0,Capsaicinoid,11.970804274158773,11.970804274158773,0.0830271040252375,0.0830271040252375,0.1985621665038228,11.133333333333333,417.63400000000007,374.2900000000002,417.32429423599996,170.0,0.21976015476664074,-0.5042545920952964,0.5042545920952964,0.21976015476664074,0.9333333333333333,1.5333333333333334,2.1666666666666665,16.474040306187803,10.0752330258388,2.047589837786873,-2.080746091967909,2.256405658231596,-2.2179780811902594,5.7533374286073675,-0.12089654472758166,2.754410684826929,1.9263551468736526,597.9415464504475,21.86575026286255,19.25706324017403,19.25706324017403,14.668233757796587,11.945734117617716,11.945734117617716,8.117219605866985,8.117219605866985,5.399455291316418,5.399455291316418,3.4773279265730093,3.4773279265730093,-1.9699999999999998,3809314.16977674,26.06567606136283,17.85173801118585,13.289712709851326,183.65980564059964,15.160178952647087,0.0,11.49902366656781,5.907179729351506,0.0,0.0,4.794537184071822,0.0,0.0,76.50871746522809,49.800293743250265,12.965578028838586,7.109797541277533,14.637927532712578,5.907179729351506,5.316788604006331,0.0,103.35999632656737,7.109797541277533,35.91459291074959,11.49902366656781,10.05365155780638,11.49902366656781,0.0,18.123504665469746,11.339293589984397,0.0,102.37869141235178,30.351141419052592,0.0,0.0,58.56,0.0,9.901064578912528,11.65669156263541,18.71508986212249,18.405094737549014,77.73883539346366,18.19910120538483,0.0,24.392566017364715,4.736862953800049,5.085901580897043,0.0,11.970804274158773,12.532557781792079,0.9190257325014285,0.6245777193078075,5.127003432135844,21.667148826673973,2.7216114230559993,1.518035896143719,0.6538461538461539,30.0,2.0,4.0,0.0,0.0,0.0,1.0,1.0,1.0,0.0,0.0,3.0,2.0,4.0,0.0,18.0,0.0,0.0,0.0,15.510587337729596,1.0,7.054500000000009,125.95750000000007,0.0,0.0,0.0,1.0,0.0,0.0,1.0,1.0,0.0,0.0,1.0,0.0,0.0,0.0,2.0,1.0,0.0,1.0,0.0,0.0,1.0,0.0,0.0,0.0,0.0,1.0,1.0,1.0,0.0,11.0
nuvanil,0,Capsaicinoid,12.122956350477516,12.122956350477516,0.1065301373041545,0.1065301373041545,0.158335905244929,11.121212121212121,460.7030000000002,412.31900000000024,460.36649339599995,188.0,0.21976015476665334,-0.4928580711048451,0.4928580711048451,0.21976015476665334,0.9090909090909091,1.5454545454545454,2.1818181818181817,16.514031062483742,10.075214585819188,2.0692720537007867,-2.11878273713946,2.27514778544543,-2.2190500363985795,5.753399025993012,-0.12089702679750862,2.8353173178470734,2.01217804484597,646.0297038075825,23.98707060642219,21.209661766700656,21.209661766700656,16.206238560257372,13.123174890158346,13.123174890158346,8.73336681205629,8.73336681205629,5.758775356476154,5.758775356476154,3.755415997513265,3.755415997513265,-2.01,17156978.588284723,29.022268473701196,20.58661826377373,15.455241381823594,202.04889204371645,20.524181988768614,6.606881964512918,11.49902366656781,5.907179729351506,0.0,0.0,4.794537184071822,0.0,0.0,76.50871746522809,49.800293743250265,19.51033443475116,7.109797541277533,14.268263091671919,5.907179729351506,5.316788604006331,5.733667477162185,103.35999632656737,20.261435911703025,35.91459291074959,11.49902366656781,20.524181988768614,11.49902366656781,0.0,26.168615641054533,11.339293589984397,0.0,102.37869141235178,30.351141419052592,0.0,0.0,73.58,0.0,4.794537184071822,5.907179729351506,37.61624006583189,18.405094737549014,70.62903785218613,7.109797541277533,18.19910120538483,24.392566017364715,15.207393384762284,10.921531463757574,0.0,12.122956350477516,2.9980421979661402,6.468461132631191,1.4387289007348723,5.699120779074619,21.74138320775816,3.6655637676013324,1.610878866665261,0.6785714285714286,33.0,3.0,5.0,0.0,0.0,0.0,1.0,1.0,1.0,0.0,0.0,4.0,2.0,5.0,0.0,21.0,0.0,0.0,0.0,18.10516249141944,1.0,6.686400000000006,138.8421,0.0,0.0,0.0,0.0,0.0,0.0,1.0,1.0,0.0,0.0,1.0,1.0,0.0,0.0,2.0,1.0,0.0,1.0,0.0,0.0,2.0,0.0,0.0,0.0,0.0,1.0,0.0,0.0,0.0,11.0
civamide,0,Capsaicinoid,11.768937258545394,11.768937258545394,0.05544537876879185,0.05544537876879185,0.5388605597174689,11.090909090909092,305.41800000000006,278.202,305.199093724,122.0,0.21976034748769738,-0.5042545920952964,0.5042545920952964,0.21976034748769738,1.3636363636363635,2.1363636363636362,2.8181818181818183,16.47403055196575,10.11538859697206,2.044851861457197,-2.0790504821005875,2.25571991550365,-2.2178300141619194,5.753358247468151,-0.12088671588737639,2.4920250055706985,2.229830766701327,495.1056776323011,16.372032720186702,13.76334569749818,13.76334569749818,10.524075805453153,7.818412917679894,7.818412917679894,5.700882111716636,5.700882111716636,3.2794273651055863,3.2794273651055863,2.037167368743356,2.037167368743356,-1.9699999999999998,62666.952815086355,18.079925112331505,9.874350582736595,7.1570315426235425,132.74026872542674,15.160178952647087,0.0,11.49902366656781,5.907179729351506,0.0,0.0,4.794537184071822,0.0,0.0,32.06588168151062,42.87655654355964,12.965578028838586,7.109797541277533,14.637927532712578,5.907179729351506,5.316788604006331,5.917906046161393,46.075517296997866,7.109797541277533,35.91459291074959,11.49902366656781,10.05365155780638,11.49902366656781,0.0,18.123504665469746,11.339293589984397,5.917906046161393,45.09421238278229,30.351141419052592,0.0,0.0,58.56,0.0,9.901064578912528,11.65669156263541,24.63299590828388,24.825916360475023,7.109797541277533,18.19910120538483,0.0,31.31630321705534,4.736862953800049,5.042442725859413,0.0,11.768937258545394,12.40041090213796,0.9054321588471121,1.1677756802183077,5.071972220265489,7.880722193301697,4.757198155496766,1.5051087053278611,0.5,22.0,2.0,4.0,0.0,0.0,0.0,1.0,1.0,1.0,0.0,0.0,3.0,2.0,4.0,0.0,9.0,0.0,0.0,0.0,8.1148872303993,1.0,3.789600000000002,88.95150000000005,0.0,0.0,0.0,1.0,0.0,0.0,1.0,1.0,0.0,0.0,1.0,0.0,0.0,0.0,2.0,1.0,0.0,1.0,0.0,0.0,1.0,0.0,0.0,0.0,0.0,1.0,1.0,1.0,0.0,2.0
resiniferatoxin,0,Capsaicinoid,13.782038622698359,13.782038622698359,0.015559446983058445,-1.801986247954186,0.31542378278775035,37.108695652173914,628.7180000000002,588.3980000000001,628.2672328599998,242.0,0.3100812265308974,-0.5042546022811671,0.5042546022811671,0.3100812265308974,1.108695652173913,1.8695652173913044,2.5869565217391304,16.920290574563943,9.545287396029327,2.7868499760652923,-2.587864623638459,2.679526933462621,-2.700801461158019,6.044918269449423,-0.42114277211568785,3.324158486398205,1.267702833431856,1678.5616003379446,32.64768912319607,26.577709680021005,26.577709680021005,21.854429251237203,15.803979079433725,15.803979079433725,13.668374269032034,13.668374269032034,10.740275526835212,10.740275526835212,8.711637274443973,8.711637274443973,-3.7599999999999993,17401972016.50218,30.87071046096219,10.635200135767327,4.431871169575974,267.99332317329123,33.89736955868166,23.9129499742286,17.28226861293275,0.0,5.973171494157506,5.9693052879518484,9.589074368143644,0.0,0.0,62.05291550772654,66.16515277899366,18.256633715248796,25.55249159811324,43.486443926825295,11.752550234316788,0.0,17.75371813848418,75.33478840563276,13.716679505790452,95.10812901856096,11.49902366656781,4.736862953800049,11.49902366656781,0.0,64.56257484464551,41.378169429195864,17.75371813848418,44.73975782831788,83.98122603516696,0.0,0.0,120.75000000000003,46.6854076951315,19.802129157825057,42.64869986945908,29.551303797687545,11.136556021766262,13.176164609739143,19.056471336613846,49.407612755666435,13.502672883289122,23.684314769000245,31.7699105423225,0.0,26.802450629928913,22.309089064593593,-0.24106733855468043,-3.368221734519226,14.508704099581772,4.132912612084411,9.98243222049369,1.4371232374023575,0.4594594594594595,46.0,2.0,9.0,3.0,2.0,5.0,0.0,2.0,2.0,8.0,3.0,9.0,2.0,9.0,2.0,8.0,1.0,2.0,3.0,7.137308349688238,7.0,4.744700000000004,166.69259999999957,0.0,1.0,0.0,1.0,0.0,0.0,2.0,2.0,0.0,0.0,0.0,0.0,0.0,0.0,0.0,0.0,0.0,2.0,2.0,1.0,5.0,0.0,0.0,1.0,1.0,1.0,1.0,1.0,0.0,0.0
6-gingerol,1,Vanilloid_Gingerol,11.840251165280929,11.840251165280929,0.07503732048374956,-0.5153667485512727,0.6501296660848443,12.142857142857142,294.391,268.18299999999994,294.183109312,118.0,0.16024904866026876,-0.5042546045039152,0.5042546045039152,0.16024904866026876,1.3333333333333333,2.0952380952380953,2.761904761904762,16.474047179338246,10.008620069664074,2.110889307800831,-2.096700330664604,2.2636303155798227,-2.1345459097448427,5.786585737642286,-0.12051886034394653,2.4630265723721956,2.3530309260209337,442.41629034609747,15.664925939000156,12.970072316991981,12.970072316991981,10.062080607913938,7.620599674031547,7.620599674031547,5.398605886023337,5.398605886023337,3.5408441551015337,3.5408441551015337,2.2581901553714734,2.2581901553714734,-1.55,39494.63108798816,17.50141388174807,9.397871579660505,6.625878646719818,126.30930121180234,14.94991774348146,5.783244946364939,11.49902366656781,0.0,0.0,0.0,4.794537184071822,0.0,0.0,32.25256913693026,30.537828874472233,12.841643245852019,13.213763929025836,19.744454927553285,5.783244946364939,0.0,0.0,57.973454947921,7.109797541277533,23.762552697081826,11.49902366656781,4.736862953800049,11.49902366656781,0.0,29.21006366507219,11.21535880699783,0.0,51.01211842894368,18.19910120538483,0.0,0.0,66.76,6.103966387748303,15.007591973753234,17.953578402574852,25.011976702061933,24.825916360475023,7.109797541277533,18.19910120538483,0.0,6.923737199690624,4.736862953800049,5.036974225032243,0.0,11.840251165280929,19.297158337080567,0.9430303527007172,0.5875115992140991,5.084661275973506,4.599195394153387,2.114545329217532,1.4966723213470217,0.5882352941176471,21.0,2.0,4.0,0.0,0.0,0.0,0.0,1.0,1.0,1.0,0.0,4.0,2.0,4.0,0.0,10.0,0.0,0.0,0.0,7.832192386816954,1.0,3.233800000000002,82.75260000000004,0.0,1.0,1.0,1.0,0.0,0.0,1.0,1.0,0.0,0.0,0.0,0.0,0.0,0.0,0.0,0.0,1.0,1.0,0.0,0.0,1.0,0.0,0.0,1.0,1.0,1.0,1.0,1.0,0.0,2.0
8-gingerol,1,Vanilloid_Gingerol,11.942746318836686,11.942746318836686,0.08157410031914036,-0.5152958868732682,0.5705247456103225,12.130434782608695,322.445,292.205,322.21440943999994,130.0,0.16024904866026876,-0.5042546045039152,0.5042546045039152,0.16024904866026876,1.2173913043478262,1.9565217391304348,2.652173913043478,16.474049680668696,10.003661477434214,2.11267746443418,-2.10016728886558,2.2639137347684706,-2.1350338851292268,5.786594528821797,-0.12052028420303938,2.5350015430753947,2.2534862429613973,470.43745886662765,17.079139501373252,14.384285879365077,14.384285879365077,11.062080607913936,8.620599674031547,8.620599674031547,6.105712667209885,6.105712667209885,4.040844155101534,4.040844155101534,2.611743545964747,2.611743545964747,-1.55,106513.15983539887,19.49662004662005,11.05811675201275,8.026301232845515,139.03918544059556,14.94991774348146,5.783244946364939,11.49902366656781,0.0,0.0,0.0,4.794537184071822,0.0,0.0,45.09421238278228,30.537828874472233,12.841643245852019,13.213763929025836,19.744454927553285,5.783244946364939,0.0,0.0,70.81509819377303,7.109797541277533,23.762552697081826,11.49902366656781,4.736862953800049,11.49902366656781,0.0,29.21006366507219,11.21535880699783,0.0,63.853761674795706,18.19910120538483,0.0,0.0,66.76,6.103966387748303,15.007591973753234,17.953578402574852,25.011976702061933,18.405094737549014,26.372262410055562,18.19910120538483,0.0,6.923737199690624,4.736862953800049,5.054273509329295,0.0,11.942746318836686,19.46069881243465,0.9463476049253121,0.5983654954012902,5.103032480471083,7.215911574968194,2.1777765350642406,1.5008476685692438,0.631578947368421,23.0,2.0,4.0,0.0,0.0,0.0,0.0,1.0,1.0,1.0,0.0,4.0,2.0,4.0,0.0,12.0,0.0,0.0,0.0,9.373734815006816,1.0,4.014000000000005,91.98660000000005,0.0,1.0,1.0,1.0,0.0,0.0,1.0,1.0,0.0,0.0,0.0,0.0,0.0,0.0,0.0,0.0,1.0,1.0,0.0,0.0,1.0,0.0,0.0,1.0,1.0,1.0,1.0,1.0,0.0,4.0
10-gingerol,1,Vanilloid_Gingerol,12.014658793502658,12.014658793502658,0.08563669597264512,-0.5162076667086593,0.4732511003753004,12.12,350.499,316.22700000000003,350.24570956799994,142.0,0.16024904866026876,-0.5042546045039152,0.5042546045039152,0.16024904866026876,1.12,1.8,2.48,16.474052183604563,10.001139031011444,2.1133672796875276,-2.1014812676885266,2.264154143022217,-2.135094067363703,5.786602002395947,-0.12052079223340685,2.5985539417887247,2.1647301125630896,498.6694584164198,18.493353063746348,15.798499441738173,15.798499441738173,12.06208060791394,9.620599674031547,9.620599674031547,6.812819448396433,6.812819448396433,4.540844155101534,4.540844155101534,2.9652969365580204,2.9652969365580204,-1.55,285882.5104598283,21.49264392324094,12.76163728799948,9.492086133641356,151.76906966938878,14.94991774348146,5.783244946364939,11.49902366656781,0.0,0.0,0.0,4.794537184071822,0.0,0.0,57.93585562863431,30.537828874472233,12.841643245852019,13.213763929025836,19.744454927553285,5.783244946364939,0.0,0.0,83.65674143962505,7.109797541277533,23.762552697081826,11.49902366656781,4.736862953800049,11.49902366656781,0.0,29.21006366507219,11.21535880699783,0.0,76.69540492064773,18.19910120538483,0.0,0.0,66.76,6.103966387748303,15.007591973753234,17.953578402574852,25.011976702061933,18.405094737549014,39.21390565590758,18.19910120538483,0.0,6.923737199690624,4.736862953800049,5.067776679183838,0.0,12.014658793502658,19.571628828285583,0.9486750434615419,0.6056489720905791,5.116754312954077,9.956919131002685,2.2138172572670203,1.5041209822520154,0.6666666666666666,25.0,2.0,4.0,0.0,0.0,0.0,0.0,1.0,1.0,1.0,0.0,4.0,2.0,4.0,0.0,14.0,0.0,0.0,0.0,10.971253044341081,1.0,4.794200000000007,101.22060000000008,0.0,1.0,1.0,1.0,0.0,0.0,1.0,1.0,0.0,0.0,0.0,0.0,0.0,0.0,0.0,0.0,1.0,1.0,0.0,0.0,1.0,0.0,0.0,1.0,1.0,1.0,1.0,1.0,0.0,6.0
6-shogaol,1,Vanilloid_Gingerol,11.703028943058705,11.703028943058705,0.12351528974524051,0.12351528974524051,0.5467007292152947,10.9,276.376,252.18399999999994,276.172544628,110.0,0.16024905032780168,-0.5042546045038995,0.5042546045038995,0.16024905032780168,1.35,2.15,2.85,16.47401848942875,10.062500599782553,2.0389421727832184,-2.0530308731489204,2.2620941025311567,-1.963888850752837,5.892151891060934,-0.11411900908428738,2.4585231662672467,2.3689449341042184,449.548380464488,14.794682450997078,12.393102209495101,12.393102209495101,9.668233757796585,7.222607571155396,7.222607571155396,4.8706648697209465,4.8706648697209465,3.1822961849572775,3.1822961849572775,1.9553802787785883,1.9553802787785883,-1.77,27641.175958342654,16.28485463521668,9.184243545123579,5.914034115624955,120.82546442742206,9.843390348640755,0.0,17.28226861293275,0.0,0.0,0.0,4.794537184071822,0.0,0.0,31.907767620838133,43.034670604232126,6.4208216229260096,7.109797541277533,14.637927532712578,5.783244946364939,0.0,0.0,45.448666937246685,7.109797541277533,35.91459291074959,11.49902366656781,4.736862953800049,11.49902366656781,0.0,17.99956988248318,11.21535880699783,0.0,44.59129680601767,30.351141419052592,0.0,0.0,46.53,0.0,9.901064578912528,11.532756779648844,18.591155079135923,18.405094737549014,19.951440787129552,18.208754243757102,12.142387175295491,6.923737199690624,4.736862953800049,5.045931272357347,0.0,11.703028943058705,9.496228960687628,0.9929472083318586,0.7194384332193058,5.183434581592049,9.341311218878339,2.167455382127585,1.5168906664138515,0.47058823529411764,20.0,1.0,3.0,0.0,0.0,0.0,0.0,1.0,1.0,0.0,0.0,3.0,1.0,3.0,0.0,9.0,0.0,0.0,0.0,7.478203553338228,1.0,4.039000000000003,81.26880000000004,0.0,0.0,0.0,1.0,0.0,0.0,1.0,1.0,0.0,0.0,0.0,0.0,0.0,0.0,2.0,0.0,1.0,1.0,0.0,0.0,1.0,0.0,0.0,1.0,0.0,1.0,1.0,1.0,0.0,3.0
8-shogaol,1,Vanilloid_Gingerol,11.805524096614466,11.805524096614466,0.1255049675608113,0.1255049675608113,0.47075538409647394,11.0,304.43,276.20599999999996,304.20384475599997,122.0,0.16024905032780168,-0.5042546045038995,0.5042546045038995,0.16024905032780168,1.2272727272727273,2.0,2.727272727272727,16.474020941142307,10.059916729291988,2.039550237940098,-2.0532096561997837,2.2622833493854104,-1.9640828047623209,5.892159610693363,-0.11411943370895283,2.5287498390935377,2.2495684048205664,477.5686817649957,16.208896013370172,13.807315771868197,13.807315771868197,10.668233757796585,8.222607571155395,8.222607571155395,5.577771650907494,5.577771650907494,3.6822961849572775,3.6822961849572775,2.3089336693718616,2.3089336693718616,-1.77,74441.33776323556,18.27943153732081,10.88543511086576,7.298976087999981,133.5553486562153,9.843390348640755,0.0,17.28226861293275,0.0,0.0,0.0,4.794537184071822,0.0,0.0,44.74941086669015,43.034670604232126,6.4208216229260096,7.109797541277533,14.637927532712578,5.783244946364939,0.0,0.0,58.29031018309871,7.109797541277533,35.91459291074959,11.49902366656781,4.736862953800049,11.49902366656781,0.0,17.99956988248318,11.21535880699783,0.0,57.43294005186969,30.351141419052592,0.0,0.0,46.53,0.0,9.901064578912528,11.532756779648844,18.591155079135923,11.984273114623004,39.21390565590758,18.208754243757102,12.142387175295491,6.923737199690624,4.736862953800049,5.063230556654398,0.0,11.805524096614466,9.529870138359676,0.9962644605564535,0.7302923294064974,5.201805786089627,12.108043540408692,2.210569744940784,1.5210660136360739,0.5263157894736842,22.0,1.0,3.0,0.0,0.0,0.0,0.0,1.0,1.0,0.0,0.0,3.0,1.0,3.0,0.0,11.0,0.0,0.0,0.0,9.04452572104631,1.0,4.819200000000007,90.50280000000005,0.0,0.0,0.0,1.0,0.0,0.0,1.0,1.0,0.0,0.0,0.0,0.0,0.0,0.0,2.0,0.0,1.0,1.0,0.0,0.0,1.0,0.0,0.0,1.0,0.0,1.0,1.0,1.0,0.0,5.0
zingerone,1,Vanilloid_Gingerol,10.757840372260015,10.757840372260015,0.12414351851851868,0.12414351851851868,0.7960919268233743,9.857142857142858,194.23,180.11799999999997,194.094294308,76.0,0.16024904865418274,-0.5042546045039152,0.5042546045039152,0.16024904865418274,1.5,2.2142857142857144,2.7857142857142856,16.47401115341782,10.078925142910823,2.027368605943164,-2.0503746443304367,2.2610290752597413,-1.9421432454555794,5.752502967884358,-0.11648460462534546,2.1623014002486505,2.73736305605918,331.3045707499796,10.55204176387779,8.409974546369657,8.409974546369657,6.6302289553358005,4.485244031576839,4.485244031576839,3.20821628727292,3.20821628727292,2.009870773028505,2.009870773028505,1.1979102752022517,1.1979102752022517,-1.51,1295.2185387489417,10.570064051240992,4.6497509709653695,2.763338518387002,83.32541477322665,14.637927532712578,5.783244946364939,11.49902366656781,0.0,0.0,0.0,0.0,0.0,0.0,6.06636706846161,31.040744451236847,6.4208216229260096,7.109797541277533,14.637927532712578,5.783244946364939,0.0,0.0,19.765380445542643,7.109797541277533,23.762552697081826,11.49902366656781,4.736862953800049,11.49902366656781,0.0,17.99956988248318,11.21535880699783,0.0,18.90801031431363,18.19910120538483,0.0,0.0,46.53,0.0,9.901064578912528,11.532756779648844,18.591155079135923,5.563451491696996,7.109797541277533,25.122838405075452,0.0,0.0,4.736862953800049,4.957507558578987,0.0,10.757840372260015,9.32042469765684,0.9952314814814817,0.7381193310657603,5.118422146636432,1.208236961451247,1.5671075050390526,1.5037766124968506,0.36363636363636365,14.0,1.0,3.0,0.0,0.0,0.0,0.0,1.0,1.0,0.0,0.0,3.0,1.0,3.0,0.0,4.0,0.0,0.0,0.0,3.510583256101711,1.0,1.9223999999999997,53.66080000000004,0.0,0.0,0.0,1.0,0.0,0.0,1.0,1.0,0.0,0.0,0.0,0.0,0.0,0.0,0.0,0.0,1.0,1.0,0.0,0.0,1.0,0.0,0.0,1.0,1.0,1.0,1.0,1.0,0.0,0.0
paradol,1,Vanilloid_Gingerol,11.789834498614262,11.789834498614262,0.13750062925141338,0.13750062925141338,0.650296874228629,10.5,278.392,252.18399999999994,278.188194692,112.0,0.16024904866016373,-0.5042546045039152,0.5042546045039152,0.16024904866016373,1.15,1.9,2.6,16.474018909846233,10.026635260935738,2.0572063989537925,-2.062260731550449,2.263349423957524,-2.0012133693937115,5.781105094462066,-0.11868039372188949,2.4585231662672467,2.265991472926034,412.69618538685006,14.794682450997078,12.652615233488945,12.652615233488945,9.668233757796585,7.54590420335666,7.54590420335666,5.209089881118216,5.209089881118216,3.4958163221276557,3.4958163221276557,2.2120207970925465,2.2120207970925465,-1.51,27641.175958342654,16.544083288263923,9.402691990373272,6.089530643098678,121.51506745960633,9.843390348640755,5.783244946364939,11.49902366656781,0.0,0.0,0.0,4.794537184071822,0.0,0.0,38.67339075985627,30.537828874472233,12.841643245852019,7.109797541277533,14.637927532712578,5.783244946364939,0.0,0.0,58.29031018309871,7.109797541277533,23.762552697081826,11.49902366656781,4.736862953800049,11.49902366656781,0.0,17.99956988248318,11.21535880699783,0.0,57.43294005186969,18.19910120538483,0.0,0.0,46.53,0.0,9.901064578912528,5.749511833283905,30.79522164842687,18.405094737549014,26.372262410055562,12.13273413692322,6.06636706846161,6.923737199690624,4.736862953800049,5.059916611863519,0.0,11.789834498614262,9.5074018001938,1.0268360972207473,0.9319959099136874,5.249637104267786,7.881432786023714,2.191548352649127,1.5280635059200245,0.5882352941176471,20.0,1.0,3.0,0.0,0.0,0.0,0.0,1.0,1.0,0.0,0.0,3.0,1.0,3.0,0.0,10.0,0.0,0.0,0.0,7.777945971131375,1.0,4.263000000000004,81.36280000000005,0.0,0.0,0.0,1.0,0.0,0.0,1.0,1.0,0.0,0.0,0.0,0.0,0.0,0.0,0.0,0.0,1.0,1.0,0.0,0.0,1.0,0.0,0.0,1.0,1.0,1.0,1.0,1.0,0.0,4.0
vanillin,1,Vanilloid_Gingerol,10.248745275888133,10.248745275888133,0.0399074074074075,0.0399074074074075,0.6477438574453785,9.181818181818182,152.14899999999997,144.08499999999998,152.047344116,58.0,0.16068932365262117,-0.5042543227773111,0.5042543227773111,0.16068932365262117,1.5454545454545454,2.272727272727273,2.8181818181818183,16.47402486632956,10.19638222392048,1.9978700203030169,-2.0129684634464233,2.247074867510472,-1.8539332197805234,5.758009951205347,0.11180065972100446,2.054947782314328,3.1161641338580512,268.03972257956417,8.267584713501616,6.073111253186188,6.073111253186188,5.274386907679233,3.0983905001486884,3.0983905001486884,2.049137357217536,2.049137357217536,1.3398615046902285,1.3398615046902285,0.7675205674503294,0.7675205674503294,-1.51,343.17627964649273,7.595374077976819,3.0531381005525,1.490370509139573,64.23058843003683,9.843390348640755,6.2861605231295545,11.49902366656781,0.0,0.0,0.0,4.794537184071822,0.0,0.0,0.0,18.19910120538483,5.563451491696996,7.109797541277533,14.637927532712576,6.2861605231295545,0.0,0.0,0.0,7.109797541277533,23.762552697081826,11.49902366656781,4.736862953800049,11.49902366656781,0.0,18.502485459247794,0.0,0.0,10.357988675768818,18.19910120538483,0.0,0.0,46.53,0.0,4.794537184071822,5.749511833283905,17.599123848110455,0.0,25.30889874666236,0.0,0.0,0.0,9.843390348640755,4.778564814814815,0.0,10.248745275888133,9.089545540438397,0.4857870370370372,0.35435185185185225,4.4124537037037035,0.6963888888888887,0.0,1.434162887377173,0.125,11.0,1.0,3.0,0.0,0.0,0.0,0.0,1.0,1.0,0.0,0.0,3.0,1.0,3.0,0.0,2.0,0.0,0.0,0.0,2.1081569077654403,1.0,1.2133,40.046300000000016,0.0,0.0,0.0,1.0,0.0,0.0,1.0,1.0,0.0,0.0,0.0,0.0,0.0,1.0,0.0,0.0,0.0,1.0,0.0,0.0,1.0,0.0,0.0,0.0,0.0,1.0,1.0,1.0,0.0,0.0
ferulic acid,1,Vanilloid_Gingerol,10.226590372260015,10.226590372260015,0.027754629629629823,-1.0166279289493574,0.715320210715463,10.357142857142858,194.18599999999998,184.10599999999997,194.0579088,74.0,0.3278212028831469,-0.5042543435661512,0.5042543435661512,0.3278212028831469,1.5,2.2142857142857144,2.7857142857142856,16.474076036312123,10.161828548168648,1.9983040455275782,-2.0259523498008907,2.2605111699199494,-1.8680751451456652,5.849316837844537,-0.13085928017468046,2.1623014002486505,2.948507336572909,368.38478965282144,10.55204176387779,7.597675117875773,7.597675117875773,6.6302289553358005,3.9124276506632296,3.9124276506632296,2.6028572283419775,2.6028572283419775,1.6221391452594531,1.6221391452594531,0.9653977798623686,0.9653977798623686,-1.97,1295.2185387489417,10.113125519534497,4.3182753757478265,2.5158513680748387,81.06510337884183,14.94991774348146,0.0,11.49902366656781,0.0,0.0,5.9693052879518484,0.0,4.794537184071822,0.0,6.06636706846161,23.772205735454097,6.076020106833881,7.109797541277533,19.74445492755328,12.04532539478573,0.0,0.0,0.0,7.109797541277533,29.838572803915707,11.49902366656781,4.736862953800049,11.49902366656781,0.0,23.292157618910792,4.794537184071822,0.0,5.563451491696996,24.27512131221871,0.0,6.076020106833881,66.76,5.9693052879518484,9.901064578912528,5.749511833283905,11.3129633249809,6.076020106833881,19.252184716573023,12.13273413692322,0.0,0.0,9.843390348640755,4.861118669690098,0.0,10.226590372260015,17.635392809901738,0.654675925925926,-0.6717077664399087,4.5897061602418745,2.4405895691609976,0.0,1.4303009259259258,0.1,14.0,2.0,4.0,0.0,0.0,0.0,0.0,1.0,1.0,0.0,0.0,3.0,2.0,4.0,0.0,3.0,0.0,0.0,0.0,3.1193757787751974,1.0,1.4986,51.328600000000016,1.0,0.0,0.0,1.0,1.0,1.0,1.0,0.0,0.0,0.0,0.0,0.0,0.0,0.0,0.0,0.0,0.0,1.0,0.0,0.0,1.0,0.0,0.0,0.0,0.0,1.0,1.0,1.0,0.0,0.0
eugenol,1,Vanilloid_Gingerol,9.252350245653817,9.252350245653817,0.17158541194255506,0.17158541194255506,0.6932796632293877,9.416666666666666,164.20399999999998,152.10799999999998,164.083729624,64.0,0.1602603057731768,-0.5042546024667084,0.5042546024667084,0.1602603057731768,1.5833333333333333,2.3333333333333335,2.9166666666666665,16.473994547864123,10.128913972337202,1.9985271362385966,-2.038016956135421,2.257574710091858,-1.8607527413378182,5.416095017071889,0.37281480333412786,2.0865919829346073,2.9595595472247798,279.16711032401867,8.974691494688164,7.07907652509542,7.07907652509542,5.774386907679233,3.7440630766793594,3.7440630766793594,2.499000463977052,2.499000463977052,1.6241733935106488,1.6241733935106488,1.0156731681243487,1.0156731681243487,-1.4400000000000002,552.9468754776709,8.654696969696971,3.809658461029751,1.7840075614366737,72.10934752660204,9.843390348640755,0.0,11.49902366656781,0.0,0.0,0.0,0.0,0.0,6.578935683598497,12.142387175295491,24.117007251546227,0.0,7.109797541277533,9.843390348640755,0.0,0.0,0.0,6.4208216229260096,7.109797541277533,36.417508487514205,11.49902366656781,4.736862953800049,11.49902366656781,0.0,12.216324936118239,6.4208216229260096,0.0,5.563451491696996,30.85405699581721,0.0,0.0,29.46,0.0,5.106527394840706,5.749511833283905,5.749511833283905,11.984273114623004,7.109797541277533,12.13273413692322,12.142387175295491,6.578935683598497,4.736862953800049,4.947657785336357,0.0,0.0,9.252350245653817,1.0830092592592595,0.6802428193499628,5.272037037037037,2.599663643235072,3.630571617535903,1.5344675925925926,0.2,12.0,1.0,2.0,0.0,0.0,0.0,0.0,1.0,1.0,0.0,0.0,2.0,1.0,2.0,0.0,3.0,0.0,0.0,0.0,2.747619961521218,1.0,2.1293,48.559800000000024,0.0,0.0,0.0,1.0,0.0,0.0,0.0,0.0,0.0,0.0,0.0,0.0,0.0,0.0,1.0,0.0,0.0,1.0,0.0,0.0,1.0,0.0,0.0,0.0,0.0,1.0,1.0,1.0,0.0,0.0
isoeugenol,1,Vanilloid_Gingerol,9.254086356764928,9.254086356764928,0.17199357520786118,0.17199357520786118,0.7269926580745424,10.5,164.20399999999998,152.10799999999998,164.083729624,64.0,0.16057154455054334,-0.504254343573977,0.504254343573977,0.16057154455054334,1.4166666666666667,2.1666666666666665,2.75,16.473993152137826,10.165231318509846,1.9874162773863977,-2.0256063830022724,2.2600250479317796,-1.833280975212764,5.546354675912114,0.3731631600588076,2.0865919829346073,3.0458289647057484,289.8900954855593,8.974691494688164,7.2422132319119505,7.2422132319119505,5.774386907679233,3.773371842276131,3.773371842276131,2.4312862270197786,2.4312862270197786,1.5628954975988159,1.5628954975988159,0.990334334230321,0.990334334230321,-1.44,552.9468754776709,8.654696969696971,3.809658461029751,1.7840075614366737,72.10934752660202,9.843390348640755,0.0,11.49902366656781,0.0,0.0,0.0,0.0,0.0,0.0,18.218407282129373,24.619922828310838,0.0,7.109797541277533,9.843390348640755,6.076020106833881,0.0,0.0,6.923737199690624,7.109797541277533,29.838572803915707,11.49902366656781,4.736862953800049,11.49902366656781,0.0,12.216324936118239,0.0,0.0,12.487188691387619,24.27512131221871,0.0,6.076020106833881,29.46,0.0,5.106527394840706,5.749511833283905,5.749511833283905,5.563451491696996,7.109797541277533,12.13273413692322,25.142144481819994,0.0,4.736862953800049,4.948065948601663,0.0,0.0,9.254086356764928,1.0205092592592595,0.6771787603930466,5.237453703703704,3.8827191987906273,1.9437830687830688,1.5362037037037037,0.2,12.0,1.0,2.0,0.0,0.0,0.0,0.0,1.0,1.0,0.0,0.0,2.0,1.0,2.0,0.0,2.0,0.0,0.0,0.0,2.747619961521218,1.0,2.4339000000000013,49.36680000000003,0.0,0.0,0.0,1.0,0.0,0.0,0.0,0.0,0.0,0.0,0.0,0.0,0.0,0.0,1.0,0.0,0.0,1.0,0.0,0.0,1.0,0.0,0.0,0.0,0.0,1.0,1.0,1.0,0.0,0.0
methyl eugenol,1,Vanilloid_Gingerol,5.163907785336357,5.163907785336357,0.7595483749055179,0.7595483749055179,0.6591252605281698,9.384615384615385,178.23099999999997,164.11899999999997,178.099379688,70.0,0.16049803348676345,-0.49286997546186295,0.49286997546186295,0.16049803348676345,1.2307692307692308,1.9230769230769231,2.4615384615384617,16.507738088032237,10.127670569469714,2.0209589052878734,-2.0765462585493606,2.2705578983162384,-1.9127724729549067,5.42745537982355,0.3543670272146608,2.179628734211125,2.975326756105489,292.141794956603,9.681798275874712,8.040111220059325,8.040111220059325,6.312391710140018,4.132828714625174,4.132828714625174,2.6821349682741378,2.6821349682741378,1.8279913416883486,1.8279913416883486,1.1742707144198108,1.1742707144198108,-1.4400000000000002,974.2940441923728,9.64650519031142,4.552573360705229,2.246236623067777,78.7936011183095,9.473725907600098,0.0,11.49902366656781,0.0,0.0,0.0,0.0,0.0,6.578935683598497,12.142387175295491,24.117007251546227,0.0,14.219595082555067,9.473725907600098,0.0,0.0,0.0,6.4208216229260096,14.219595082555067,36.417508487514205,11.49902366656781,9.473725907600098,11.49902366656781,0.0,14.219595082555067,6.4208216229260096,0.0,5.563451491696996,30.85405699581721,0.0,0.0,18.46,0.0,0.0,0.0,0.0,17.91984528949382,5.563451491696996,14.219595082555067,24.27512131221871,6.578935683598497,9.473725907600098,10.282425122826908,0.0,0.0,0.0,1.17375,1.52515022675737,5.862314814814814,2.7099244142101284,3.681979796548249,3.2644556248425296,0.2727272727272727,13.0,0.0,2.0,0.0,0.0,0.0,0.0,1.0,1.0,0.0,0.0,2.0,0.0,2.0,0.0,4.0,0.0,0.0,0.0,3.378186350255115,1.0,2.4323000000000006,53.44700000000003,0.0,0.0,0.0,0.0,0.0,0.0,0.0,0.0,0.0,0.0,0.0,0.0,0.0,0.0,1.0,0.0,0.0,1.0,0.0,0.0,2.0,0.0,0.0,0.0,0.0,2.0,0.0,0.0,0.0,0.0
piperine,2,Spice_Alkaloid,11.931490163609574,11.931490163609574,0.1018858129671627,0.1018858129671627,0.632788302073214,17.80952380952381,285.3430000000001,266.191,285.136493468,110.0,0.24604914267600783,-0.4535950776302087,0.4535950776302087,0.24604914267600783,1.0476190476190477,1.8571428571428572,2.7142857142857144,16.696701461282622,10.125370660451344,2.13257631145977,-2.2475054267255286,2.322391761719788,-2.3376573772778664,5.8763563721901795,-0.1263676849232881,2.9959151312967114,1.5596547149797815,571.3979945235307,14.493353063746348,11.956051038338215,11.956051038338215,10.326499840494924,7.361169175571288,7.361169175571288,5.216878217474118,5.216878217474118,3.7029498799714813,3.7029498799714813,2.541040643734996,2.541040643734996,-2.23,122221.35369638064,13.739348359697157,6.480399704138981,3.453925248823185,124.20334423569359,14.373635638450576,0.0,11.49902366656781,12.700122035451333,0.0,0.0,4.794537184071822,0.0,0.0,24.294427388963253,36.958650497398246,19.165532918659032,0.0,14.268263091671919,11.983199836185387,4.899909730850477,0.0,19.26246486877803,19.882455117924977,41.99061301758347,11.49902366656781,9.473725907600098,11.49902366656781,0.0,30.68954457812696,4.794537184071822,0.0,24.825916360475023,36.427161525886476,0.0,6.076020106833881,38.77,0.0,4.794537184071822,12.700122035451333,0.0,42.993631215941974,6.4208216229260096,12.152040213667762,35.25105114990307,0.0,9.473725907600098,10.595284015299068,0.0,13.842615870447762,0.0,1.0225198937599733,1.6514145804430527,5.785759367796706,10.716654848903259,2.052418090016846,0.0,0.35294117647058826,21.0,0.0,4.0,0.0,2.0,2.0,1.0,1.0,1.0,0.0,0.0,3.0,0.0,4.0,2.0,3.0,0.0,1.0,1.0,4.239831859297326,3.0,2.997200000000001,81.17000000000004,0.0,0.0,0.0,0.0,0.0,0.0,1.0,1.0,0.0,1.0,0.0,0.0,1.0,0.0,2.0,1.0,0.0,1.0,1.0,0.0,2.0,0.0,0.0,0.0,0.0,0.0,0.0,0.0,1.0,0.0
piperlongumine,2,Spice_Alkaloid,12.111089852607709,12.111089852607709,0.29556293801062905,-0.3536095101620893,0.7776601204486693,14.217391304347826,317.34100000000007,298.189,317.126322708,122.0,0.25294409847676863,-0.49269239885240235,0.49269239885240235,0.25294409847676863,1.1304347826086956,1.7826086956521738,2.3043478260869565,16.529990377684403,10.132790754022352,2.187898434602381,-2.1915574356111014,2.3798961188946457,-2.365531846519496,6.064727215176398,-0.13855500376628163,2.5841117027630514,2.233418343835458,637.9427273424257,16.81962647737941,13.366770225330125,13.366770225330125,11.100085410374724,7.1044478583622634,7.1044478583622634,4.811163949354668,4.811163949354668,3.417278278171219,3.417278278171219,2.2618288376186224,2.2618288376186224,-2.76,151080.0907020418,16.607781359833456,7.486864947105048,3.713826349987168,134.4842427187735,14.210588861400147,0.0,11.49902366656781,5.749511833283905,11.814359458703011,0.0,14.48898409899412,0.0,0.0,6.076020106833881,36.26904746521399,12.620776512746456,21.3293926238326,23.79966322954379,17.890379565536893,4.899909730850477,0.0,6.4208216229260096,27.874149029745176,35.92424594912186,17.248535499851716,14.210588861400147,17.248535499851716,0.0,44.58841821929866,9.589074368143644,0.0,11.984273114623004,30.360794457424863,0.0,6.076020106833881,65.07000000000001,0.0,9.589074368143644,11.814359458703011,35.7775650203873,0.0,38.38134256835084,24.284774350590983,0.0,0.0,14.210588861400147,15.770738394518608,0.0,24.973277804413264,0.0,0.7017134353741498,0.8246094319908361,3.450518235071806,6.814851617771892,0.3965887205560725,4.56770236030337,0.29411764705882354,23.0,0.0,6.0,0.0,1.0,1.0,2.0,1.0,1.0,0.0,0.0,5.0,0.0,6.0,1.0,5.0,0.0,0.0,0.0,5.406096352700945,2.0,2.0406999999999997,85.60900000000004,0.0,0.0,0.0,0.0,0.0,0.0,2.0,2.0,0.0,1.0,0.0,0.0,0.0,0.0,0.0,2.0,0.0,1.0,0.0,0.0,3.0,0.0,1.0,0.0,0.0,3.0,0.0,0.0,0.0,0.0
chavicine,2,Spice_Alkaloid,11.931490163609574,11.931490163609574,0.1018858129671627,0.1018858129671627,0.632788302073214,17.80952380952381,285.3430000000001,266.191,285.136493468,110.0,0.24604914267600783,-0.4535950776302087,0.4535950776302087,0.24604914267600783,1.0476190476190477,1.8571428571428572,2.7142857142857144,16.696701461282622,10.125370660451344,2.13257631145977,-2.2475054267255286,2.322391761719788,-2.3376573772778664,5.8763563721901795,-0.1263676849232881,2.9959151312967114,1.5596547149797815,571.3979945235307,14.493353063746348,11.956051038338215,11.956051038338215,10.326499840494924,7.361169175571288,7.361169175571288,5.216878217474118,5.216878217474118,3.7029498799714813,3.7029498799714813,2.541040643734996,2.541040643734996,-2.23,122221.35369638064,13.739348359697157,6.480399704138981,3.453925248823185,124.20334423569359,14.373635638450576,0.0,11.49902366656781,12.700122035451333,0.0,0.0,4.794537184071822,0.0,0.0,24.294427388963253,36.958650497398246,19.165532918659032,0.0,14.268263091671919,11.983199836185387,4.899909730850477,0.0,19.26246486877803,19.882455117924977,41.99061301758347,11.49902366656781,9.473725907600098,11.49902366656781,0.0,30.68954457812696,4.794537184071822,0.0,24.825916360475023,36.427161525886476,0.0,6.076020106833881,38.77,0.0,4.794537184071822,12.700122035451333,0.0,42.993631215941974,6.4208216229260096,12.152040213667762,35.25105114990307,0.0,9.473725907600098,10.595284015299068,0.0,13.842615870447762,0.0,1.0225198937599733,1.6514145804430527,5.785759367796706,10.716654848903259,2.052418090016846,0.0,0.35294117647058826,21.0,0.0,4.0,0.0,2.0,2.0,1.0,1.0,1.0,0.0,0.0,3.0,0.0,4.0,2.0,3.0,0.0,1.0,1.0,4.239831859297326,3.0,2.997200000000001,81.17000000000004,0.0,0.0,0.0,0.0,0.0,0.0,1.0,1.0,0.0,1.0,0.0,0.0,1.0,0.0,2.0,1.0,0.0,1.0,1.0,0.0,2.0,0.0,0.0,0.0,0.0,0.0,0.0,0.0,1.0,0.0
isochavicine,2,Spice_Alkaloid,11.931490163609574,11.931490163609574,0.1018858129671627,0.1018858129671627,0.632788302073214,17.80952380952381,285.3430000000001,266.191,285.136493468,110.0,0.24604914267600783,-0.4535950776302087,0.4535950776302087,0.24604914267600783,1.0476190476190477,1.8571428571428572,2.7142857142857144,16.696701461282622,10.125370660451344,2.13257631145977,-2.2475054267255286,2.322391761719788,-2.3376573772778664,5.8763563721901795,-0.1263676849232881,2.9959151312967114,1.5596547149797815,571.3979945235307,14.493353063746348,11.956051038338215,11.956051038338215,10.326499840494924,7.361169175571288,7.361169175571288,5.216878217474118,5.216878217474118,3.7029498799714813,3.7029498799714813,2.541040643734996,2.541040643734996,-2.23,122221.35369638064,13.739348359697157,6.480399704138981,3.453925248823185,124.20334423569359,14.373635638450576,0.0,11.49902366656781,12.700122035451333,0.0,0.0,4.794537184071822,0.0,0.0,24.294427388963253,36.958650497398246,19.165532918659032,0.0,14.268263091671919,11.983199836185387,4.899909730850477,0.0,19.26246486877803,19.882455117924977,41.99061301758347,11.49902366656781,9.473725907600098,11.49902366656781,0.0,30.68954457812696,4.794537184071822,0.0,24.825916360475023,36.427161525886476,0.0,6.076020106833881,38.77,0.0,4.794537184071822,12.700122035451333,0.0,42.993631215941974,6.4208216229260096,12.152040213667762,35.25105114990307,0.0,9.473725907600098,10.595284015299068,0.0,13.842615870447762,0.0,1.0225198937599733,1.6514145804430527,5.785759367796706,10.716654848903259,2.052418090016846,0.0,0.35294117647058826,21.0,0.0,4.0,0.0,2.0,2.0,1.0,1.0,1.0,0.0,0.0,3.0,0.0,4.0,2.0,3.0,0.0,1.0,1.0,4.239831859297326,3.0,2.997200000000001,81.17000000000004,0.0,0.0,0.0,0.0,0.0,0.0,1.0,1.0,0.0,1.0,0.0,0.0,1.0,0.0,2.0,1.0,0.0,1.0,1.0,0.0,2.0,0.0,0.0,0.0,0.0,0.0,0.0,0.0,1.0,0.0
capsazepine,2,Spice_Alkaloid,9.752556680567524,9.752556680567524,0.0593833019821266,-0.0812815355072749,0.5639765225125171,13.88,376.909,355.7410000000001,376.10122659199993,132.0,0.16874666369790958,-0.5042530527175866,0.5042530527175866,0.16874666369790958,1.12,1.8,2.52,35.4956919005759,10.032086026557513,2.180203645063836,-2.242837105302358,2.3077808636067556,-2.397509940230946,7.79746469276611,0.39707160889293486,2.7911985890251714,1.5788006659029055,764.7645638851776,17.81119030894213,13.834595852230008,15.40702137917619,12.024877143252588,8.336663612818425,9.122876376291515,6.243136847862182,7.0662709594011535,4.422510235580711,5.077023007964764,3.0383042797011286,3.4221913253411547,-1.979999999999999,504715.6936618876,17.830574561933187,7.933237471220653,4.554549059832165,157.597470805098,20.42975312453822,0.0,16.611460551292566,0.0,0.0,0.0,0.0,0.0,0.0,23.733674027155736,72.43616106076216,24.65690253147905,0.0,10.213054789681411,28.931250218003967,10.216698334856808,0.0,25.807221274690605,13.08951281182515,58.11119019960197,11.49902366656781,5.316788604006331,11.49902366656781,23.81881333327921,33.3149142170818,19.386399651764595,0.0,23.111176098016994,36.39820241076966,5.022633313741326,0.0,55.730000000000004,0.0,10.213054789681411,11.49902366656781,6.544756405912575,53.61395086246324,5.563451491696996,12.13273413692322,24.26546827384644,10.216698334856808,23.81881333327921,0.0,11.438587401673765,2.1106307214243722,24.196325501574172,3.289560214960995,-0.1406648374894015,11.116214053141086,2.694124391761581,2.239666997397878,0.0,0.3157894736842105,25.0,3.0,4.0,0.0,1.0,1.0,0.0,2.0,2.0,0.0,0.0,3.0,3.0,6.0,1.0,3.0,0.0,0.0,0.0,5.658167289924885,3.0,3.6166000000000027,104.25930000000002,0.0,0.0,0.0,2.0,0.0,0.0,0.0,0.0,1.0,1.0,1.0,0.0,0.0,0.0,0.0,0.0,1.0,2.0,1.0,0.0,0.0,1.0,0.0,0.0,0.0,0.0,2.0,2.0,0.0,0.0
anandamide,2,Spice_Alkaloid,11.294224861759648,11.294224861759648,0.00289069319159041,0.00289069319159041,0.2961744725235791,12.24,347.5430000000001,310.247,347.282429424,142.0,0.21958556059614268,-0.394544207958228,0.394544207958228,0.21958556059614268,0.8,1.32,1.84,16.251530253232602,10.162740210092055,1.9705855507730232,-2.0036498850740916,2.010298045432227,-2.2533820378258156,5.752514004859422,-0.12082794892521813,2.621432600334747,3.4420975011766104,408.25028220560284,18.426592674107127,15.959545413719404,15.959545413719404,12.308060412490448,9.7838851306661,9.7838851306661,6.054295133576745,6.054295133576745,3.6661092124211585,3.6661092124211585,2.225123252628681,2.225123252628681,-1.6099999999999999,285342.9385464372,23.389999999999997,20.434662795891022,20.34543482085738,154.1502413372691,10.423315998847038,0.0,0.0,5.907179729351506,0.0,0.0,4.794537184071822,0.0,0.0,68.37354130021369,44.94575136048208,12.965578028838586,6.606881964512918,9.901064578912528,5.907179729351506,5.316788604006331,0.0,71.13195342895074,13.151638370425493,48.60816085467105,0.0,5.316788604006331,0.0,0.0,24.165345494617704,4.794537184071822,0.0,71.13195342895074,48.60816085467105,0.0,0.0,49.33,0.0,4.794537184071822,12.514061693864424,12.965578028838586,32.10410811463005,25.683286491704038,0.0,0.0,60.848686658368,5.106527394840706,0.0,0.0,11.294224861759648,11.248155091751164,0.0,0.018460467851394657,0.0,28.01822363701814,2.5876026082863186,0.0,0.5909090909090909,25.0,2.0,3.0,0.0,0.0,0.0,1.0,0.0,0.0,0.0,0.0,2.0,2.0,3.0,0.0,16.0,0.0,0.0,0.0,19.11867051183564,0.0,5.240600000000005,108.49950000000007,0.0,1.0,1.0,0.0,0.0,0.0,1.0,1.0,0.0,0.0,1.0,0.0,0.0,0.0,8.0,1.0,0.0,0.0,0.0,0.0,0.0,0.0,0.0,0.0,0.0,0.0,0.0,0.0,0.0,4.0
nabilone,2,Spice_Alkaloid,12.125288543704293,12.125288543704293,0.0069571995464852154,-0.31081473783651803,0.5991110663803345,24.11111111111111,372.54900000000015,336.2610000000001,372.26644501199996,150.0,0.1330519718455005,-0.5075087828976608,0.5075087828976608,0.1330519718455005,1.2222222222222223,1.962962962962963,2.6666666666666665,16.504963729104052,9.655497564092641,2.4737435725687167,-2.4708082813496004,2.5411760003268586,-2.466436346975931,5.806507912642057,-0.12373765629999638,2.569886937584241,1.9235057965313795,701.8229910722969,19.819626477379405,17.72996550267857,17.72996550267857,12.653832317450075,10.73562690824208,10.73562690824208,9.801699221348217,9.801699221348217,6.861254241878679,6.861254241878679,5.0995421938823595,5.0995421938823595,-1.51,757271.1537848858,20.230095177968085,7.484819929388504,4.022890822343549,164.05799995332413,9.843390348640755,22.883319423916436,0.0,0.0,0.0,0.0,4.794537184071822,0.0,0.0,46.4544980907759,49.800293743250265,30.240906829871804,0.0,14.637927532712576,5.783244946364939,0.0,5.917906046161393,102.91920630840306,0.0,23.259637120317212,11.49902366656781,4.736862953800049,11.49902366656781,0.0,16.490823152189336,10.209527653468601,5.917906046161393,103.03006801141657,12.13273413692322,0.0,0.0,46.53,0.0,9.901064578912528,22.851853372703253,24.37440002550086,29.718058062529913,25.683286491704038,0.0,6.06636706846161,40.68505306691473,4.736862953800049,6.412401733267534,0.0,12.125288543704293,10.914252815336418,1.6725451216669207,1.754414285223216,4.057938397581255,8.073983297921373,10.989175805298988,0.0,0.7083333333333334,27.0,1.0,3.0,1.0,1.0,2.0,0.0,1.0,1.0,2.0,0.0,3.0,1.0,3.0,1.0,6.0,1.0,0.0,1.0,5.608097020795622,3.0,6.264000000000007,109.68780000000008,0.0,0.0,0.0,1.0,0.0,0.0,1.0,1.0,0.0,0.0,0.0,0.0,0.0,0.0,0.0,0.0,0.0,1.0,3.0,0.0,1.0,0.0,0.0,1.0,1.0,0.0,1.0,1.0,0.0,3.0
capsiate,2,Spice_Alkaloid,11.657826147434283,11.657826147434283,0.07595266917323373,-0.19455462123120815,0.42151661752122926,11.090909090909092,306.40200000000004,280.19399999999996,306.183109312,122.0,0.3056155522781139,-0.5042545810496595,0.5042545810496595,0.3056155522781139,1.3181818181818181,2.090909090909091,2.772727272727273,16.53297449330364,10.122703199795351,2.0591008362091983,-2.075193717440879,2.2604433344428787,-2.039894779894162,5.688361150621834,-0.14461400401181648,2.4920250055706985,2.229830766701327,491.8605651344646,16.372032720186702,13.671593987962043,13.671593987962043,10.524075805453153,7.707658806913365,7.707658806913365,5.584835988436312,5.584835988436312,3.1666312492228132,3.1666312492228132,1.9477315161868378,1.9477315161868378,-1.9699999999999998,62666.952815086355,18.079925112331505,9.874350582736595,7.1570315426235425,132.3039517713256,14.580253302440804,6.606881964512918,11.49902366656781,0.0,0.0,5.9693052879518484,4.794537184071822,0.0,0.0,32.06588168151062,42.87655654355964,6.4208216229260096,7.109797541277533,19.374790486512623,5.9693052879518484,0.0,5.917906046161393,46.13764285559821,7.109797541277533,35.91459291074959,11.49902366656781,4.736862953800049,11.49902366656781,0.0,18.18563022407009,16.13828210238479,5.917906046161393,45.09421238278229,30.351141419052592,0.0,0.0,55.760000000000005,0.0,9.901064578912528,18.32569908574867,18.08823950237131,24.825916360475023,13.176164609739143,12.13273413692322,0.0,25.99951461304901,9.473725907600098,10.232740686092889,0.0,11.657826147434283,9.49528883633633,0.794321047736001,0.8376522234281842,4.906972220265489,7.603300141147502,4.487198155496766,1.484700542062555,0.5,22.0,1.0,4.0,0.0,0.0,0.0,0.0,1.0,1.0,0.0,0.0,4.0,1.0,4.0,0.0,9.0,0.0,0.0,0.0,8.1148872303993,1.0,4.216600000000004,86.90080000000006,0.0,0.0,0.0,1.0,0.0,0.0,1.0,1.0,0.0,0.0,0.0,0.0,0.0,0.0,2.0,0.0,0.0,1.0,0.0,1.0,2.0,0.0,0.0,0.0,0.0,1.0,1.0,1.0,0.0,2.0
dihydrocapsiate,2,Spice_Alkaloid,11.675842729066936,11.675842729066936,0.08238347127711254,-0.17046165070966635,0.5125984476396307,10.727272727272727,308.418,280.19399999999996,308.198759376,124.0,0.3056153579090282,-0.5042545810496595,0.5042545810496595,0.3056153579090282,1.1818181818181819,1.9090909090909092,2.590909090909091,16.53297494005385,10.03991673917087,2.0625180161560626,-2.079261069265681,2.2607917251321124,-2.0412750943569398,5.68829000106982,-0.14462508187548548,2.4920250055706985,2.1770480308131184,454.4004199542189,16.372032720186702,13.931107011955886,13.931107011955886,10.524075805453153,8.040992140246697,8.040992140246697,6.013620333758527,6.013620333758527,3.556331908798068,3.556331908798068,2.2232914952053697,2.2232914952053697,-1.71,62666.952815086355,18.339285362247413,10.089321934363285,7.341699771773954,132.99355480350985,14.580253302440804,6.606881964512918,11.49902366656781,0.0,0.0,5.9693052879518484,4.794537184071822,0.0,0.0,45.5971279595469,30.034913297707618,6.4208216229260096,7.109797541277533,19.374790486512623,5.9693052879518484,0.0,5.917906046161393,58.979286101450235,7.109797541277533,23.762552697081826,11.49902366656781,4.736862953800049,11.49902366656781,0.0,18.18563022407009,16.13828210238479,5.917906046161393,57.935855628634314,18.19910120538483,0.0,0.0,55.760000000000005,0.0,9.901064578912528,18.32569908574867,12.170333456209914,24.323000783710405,32.43862947851717,12.13273413692322,0.0,13.847474399381248,9.473725907600098,10.257188069829422,0.0,11.675842729066936,9.500798436626152,0.8054938872421739,1.0563360052363415,4.932841136702588,6.106494986829965,4.674794606114051,1.490210142352375,0.6111111111111112,22.0,1.0,4.0,0.0,0.0,0.0,0.0,1.0,1.0,0.0,0.0,4.0,1.0,4.0,0.0,10.0,0.0,0.0,0.0,8.410497912085017,1.0,4.440600000000005,86.99480000000005,0.0,0.0,0.0,1.0,0.0,0.0,1.0,1.0,0.0,0.0,0.0,0.0,0.0,0.0,0.0,0.0,0.0,1.0,0.0,1.0,2.0,0.0,0.0,0.0,0.0,1.0,1.0,1.0,0.0,3.0
nordihydrocapsiate,2,Spice_Alkaloid,11.631944838120434,11.631944838120434,0.08123058671763461,-0.17445483749055146,0.5511744891029637,10.666666666666666,294.391,268.183,294.183109312,118.0,0.3056153579145501,-0.5042545810496595,0.5042545810496595,0.3056153579145501,1.2380952380952381,2.0,2.6666666666666665,16.53297340409491,10.04690520102738,2.0628714193657305,-2.079707881530818,2.2606908028860238,-2.0419734439719925,5.688288259305537,-0.14462377123406475,2.453218991387536,2.2352332403631707,440.4162903460975,15.664925939000156,13.224000230769338,13.224000230769338,10.024075805453151,7.540992140246698,7.540992140246698,5.660066943165254,5.660066943165254,3.3063319087980676,3.3063319087980676,2.046514799908733,2.046514799908733,-1.71,38108.303812213984,17.341840331778126,9.26720270079479,7.022224373343465,126.62861268911321,14.580253302440804,6.606881964512918,11.49902366656781,0.0,0.0,5.9693052879518484,4.794537184071822,0.0,0.0,39.17630633662089,30.034913297707618,6.4208216229260096,7.109797541277533,19.374790486512623,5.9693052879518484,0.0,5.917906046161393,52.55846447852422,7.109797541277533,23.762552697081826,11.49902366656781,4.736862953800049,11.49902366656781,0.0,18.18563022407009,16.13828210238479,5.917906046161393,51.5150340057083,18.19910120538483,0.0,0.0,55.760000000000005,0.0,9.901064578912528,18.32569908574867,12.170333456209914,24.323000783710405,26.017807855591162,12.13273413692322,0.0,13.847474399381248,9.473725907600098,10.231984862980534,0.0,11.631944838120434,9.48521359157702,0.8035257207285528,1.016648754385428,4.923549332611833,4.792198962838324,4.62683641723241,1.4880975195254664,0.5882352941176471,21.0,1.0,4.0,0.0,0.0,0.0,0.0,1.0,1.0,0.0,0.0,4.0,1.0,4.0,0.0,9.0,0.0,0.0,0.0,7.652873788543156,1.0,4.050500000000003,82.37780000000005,0.0,0.0,0.0,1.0,0.0,0.0,1.0,1.0,0.0,0.0,0.0,0.0,0.0,0.0,0.0,0.0,0.0,1.0,0.0,1.0,2.0,0.0,0.0,0.0,0.0,1.0,1.0,1.0,0.0,2.0
vanillylamine,2,Spice_Alkaloid,9.164658919123205,9.164658919123205,0.143240740740741,0.143240740740741,0.6621252596479388,9.636363636363637,153.18099999999995,142.093,153.078978592,60.0,0.16029794267352723,-0.5042545954814808,0.5042545954814808,0.16029794267352723,1.5454545454545454,2.272727272727273,2.8181818181818183,16.473997205706617,10.179588083184386,1.9946483811255002,-2.034687478491119,2.251883882137964,-1.9581310014696522,5.410390384461804,0.37272075154168416,2.054947782314328,3.021543291114781,247.8474159248874,8.267584713501616,6.371969743908872,6.371969743908872,5.274386907679233,3.3358147862154963,3.3358147862154963,2.2103253293822394,2.2103253293822394,1.4798358262132425,1.4798358262132425,0.849006501457682,0.849006501457682,-1.22,343.17627964649273,7.882249488752557,3.253808596667817,1.62083910422299,65.40895702700578,15.57705782580294,0.0,11.49902366656781,0.0,0.0,0.0,0.0,0.0,0.0,6.06636706846161,17.696185628620217,6.544756405912575,7.109797541277533,9.843390348640755,0.0,0.0,5.733667477162185,6.544756405912575,7.109797541277533,23.762552697081826,11.49902366656781,10.470530430962235,11.49902366656781,0.0,12.216324936118239,6.544756405912575,0.0,5.563451491696996,18.19910120538483,0.0,0.0,55.480000000000004,0.0,0.0,5.749511833283905,12.29426823919648,5.563451491696996,7.109797541277533,18.19910120538483,0.0,0.0,15.57705782580294,4.8818981481481485,0.0,0.0,9.164658919123205,6.330416666666666,0.6089351851851856,5.049814814814814,0.0,0.45500000000000007,1.5092762660619803,0.25,11.0,3.0,3.0,0.0,0.0,0.0,0.0,1.0,1.0,0.0,0.0,3.0,2.0,3.0,0.0,2.0,0.0,0.0,0.0,2.3315755588712346,1.0,0.8594999999999999,42.55020000000001,0.0,0.0,0.0,1.0,0.0,0.0,0.0,0.0,0.0,0.0,0.0,1.0,0.0,0.0,0.0,0.0,0.0,1.0,0.0,0.0,1.0,0.0,0.0,0.0,0.0,1.0,1.0,1.0,0.0,0.0
veratrylamine,2,Spice_Alkaloid,5.468566704459562,5.468566704459562,0.5142403628117914,0.5142403628117914,0.7343470391025202,9.583333333333334,167.20799999999994,154.10399999999998,167.094628656,66.0,0.16053567029392976,-0.49286996433918934,0.49286996433918934,0.16053567029392976,1.1666666666666667,1.8333333333333333,2.3333333333333335,16.507740597361376,10.177689791862473,2.0179003120936487,-2.0742661080975915,2.2654079107448934,-1.9743441835301057,5.422177691065683,0.3542908863730351,2.163299516536892,3.0181273951126544,260.70548992551977,8.974691494688164,7.333004438872777,7.333004438872777,5.812391710140018,3.724580424161311,3.724580424161311,2.3934598336793247,2.3934598336793247,1.683653774390942,1.683653774390942,1.0076040477531438,1.0076040477531438,-1.22,610.0504636634034,8.872764378478664,3.97035601964101,1.6810870266638485,72.09321061871324,15.207393384762284,0.0,11.49902366656781,0.0,0.0,0.0,0.0,0.0,0.0,6.06636706846161,17.696185628620217,6.544756405912575,14.219595082555067,9.473725907600098,0.0,0.0,5.733667477162185,6.544756405912575,14.219595082555067,23.762552697081826,11.49902366656781,15.207393384762284,11.49902366656781,0.0,14.219595082555067,6.544756405912575,0.0,5.563451491696996,18.19910120538483,0.0,0.0,44.480000000000004,0.0,0.0,0.0,6.544756405912575,17.062475158264807,0.0,14.219595082555067,18.19910120538483,0.0,15.207393384762284,10.168036659108088,0.0,0.0,0.0,6.503427815570673,1.453842592592593,5.640092592592592,0.0,0.5142403628117914,3.220359977324263,0.3333333333333333,12.0,2.0,3.0,0.0,0.0,0.0,0.0,1.0,1.0,0.0,0.0,3.0,1.0,3.0,0.0,3.0,0.0,0.0,0.0,2.9356694550790903,1.0,1.1624999999999999,47.437400000000025,0.0,0.0,0.0,0.0,0.0,0.0,0.0,0.0,0.0,0.0,0.0,1.0,0.0,0.0,0.0,0.0,0.0,1.0,0.0,0.0,2.0,0.0,0.0,0.0,0.0,2.0,0.0,0.0,0.0,0.0
